{"cameraMode":{"drawMode":0,"name":"Shaded","section":"Shading Mode"},"sceneLighting":true,"audioPlay":false,"sceneViewState":{"showFog":true,"showMaterialUpdate":false,"showSkybox":true,"showFlares":true,"showImageEffects":true,"showParticleSystems":true},"in2DMode":false,"pivot":{"x":1.2145195007324219,"y":-0.5950055122375488,"z":-3.649540901184082},"rotation":{"x":-0.30958232283592226,"y":-0.5635414719581604,"z":0.23974156379699708,"w":-0.7274408936500549},"size":10.328468322753907,"orthographic":false}